model,stock,avg_test_metric1,std_test_metric1,avg_test_metric2,std_test_metric2,avg_test_metric3,std_test_metric3
ENC_DEC_LSTM,ETH-USD,36.114024616973225,21.674222664603047,44.298820944420896,23.545887341727536,0.15698479911698104,0.07982084500055191
